"#Wallet Coin-Swap.net (000010c79195ddd2), page 1 from 178, addresses 1-100. Updated to block 724491 (2022-02-22 19:00:36 UTC). Source: WalletExplorer.com"
address,balance,incoming txs,last used in block
1ELHRSsysCSymmJdyP2Yzqutw8F4Devc3M,0.070017401129007,17,351485
19FAMCbyvMk6BkyYqYWKPfuxQSum53Xcqo,0.06420436128974,969,422490
1AH1yWHs6QdrxcFy9FaWDTqdxgpjVhBZqJ,0.029014699161053,92,354507
17mK3vvjJUBnAhoPKWRZb7sDb5232KAFDq,0.020938940346241,3,361207
1JgJXzichAaNaFZuYTxpN9kGH8MDQE41HD,0.0146399512887,38,469753
1F8uqcQZ1juRQoZ9nfMJeGrtoczRbRbhez,0.011075358837843,6,382188
1BAYzLkeSTK6XJHipsyeW8azw1pBcBVE6K,0.0087375603616238,236,402500
13M6Y66RrQU5WBkUMvAdqVqrqqAcyuAHmG,0.008467648178339,61,483334
1LZHX1HVzLUtp6PkK4Wg4CngKgjSkATokR,0.0074060298502445,28,366253
1N3JvvMmv3p8eb6yMucqFm8LAeUmvssKb6,0.0072286687791348,8,353890
12ZYeuCxFJuvgwkySCh1dmHjHYKg5MANC5,0.0071149505674839,48,436661
1GuzBfyKEzfyqDkoLztwn2VeK3hviBgw3X,0.0069572404026985,73,380413
1CpMfV8jeTXCpW9k834MUmcivQvRqWGhXb,0.0056493617594242,94,471732
1DioGsYKDWAdQa6ag1C2s6jpCiDmHEh5Qi,0.004617840051651,116,394628
1JYbsbPJdGG8ZcVvrSWZcG8vmz1LPDascs,0.0035881288349628,32,626818
1HmzdSoqgwGg4nFc6KEUDqDDA1daBPGBab,0.0033664889633656,3,427250
13N3fmwSXMWoQrXxE8b9LxJWk9zk3GqsX3,0.0032230690121651,81,351838
1CjfYxVKXgHBtTQ691aJCjCB1SNTQzBx9t,0.0030190013349056,11,374160
1CfYRyX24bd5p3fmUgbv5PnT22ZnACXRPh,0.0027435794472694,276,378961
1B3cTn9R2euGGQZR5zaWyFU5BF75PdzUtk,0.0023829713463783,91,369103
17nz6gn8Uc2FmxrWu6dHUhKori9BzaykAL,0.0022828318178654,35,365996
1Q5tb7g8uLsgNWxpugfvVQ6v7cvBjQDzgG,0.0022732391953468,46,420106
1EL1WQj99WoPd8VRUgHMeDpP3eP5Jq31Uz,0.0022547915577888,7,397445
14s8LdJjVgog1botFAw7WKbNXGWpP9tdf4,0.0020941011607647,111,355928
18jJqBsLERoMQ9vahitc36ub12nwESFfuG,0.0020246207714081,43,385731
17byixVnS9C9QgTGWVJS2wuh2Fpq8pP57V,0.0020000003278255,4,351427
1GzWt45WetwJTn6Xr7YeJuvJqr4Q58T4iZ,0.0018459782004356,4,446573
18MMaUnf3FqRvuTm9CzLBK76AdLdKuv1gY,0.0016385205090046,140,374871
1CF1TipCJNYjmxqCco8YTPwKK3jRSojzi4,0.0016050785779953,46,353359
1L9hTyRgeDUxTgc8PGq667vCWMC2r14YwM,0.0015695691108704,25,351646
1tR8uE7UZWtsVLUEYMY7TJcszDvT11rU6,0.0015246905386448,73,387021
1LhL6hfcLnzee9dANtQj7uyCAm2KA2ZwiZ,0.0015127211809158,35,355798
18Ea4K3az6hbwXAPevrPj42VVFzwV2aiLc,0.0014298111200333,35,351280
158biatoRi2ZxymgZoqau5ujCd1Ftm7Db1,0.0014191791415215,16,411920
1PYaR8ZyRXyphBbG8sQtfk3RsUXNjPezTP,0.0012534186244011,112,397005
1F8QZLqt2feyKusjHaNzi8WYNXHEc28Lzn,0.0012356713414192,21,352388
1NG8yHrmLdhfPod16VbXaagW9xZESZU6Gy,0.0012333914637566,100,354948
15q2UVepFtYcdYtaPpw2WDKJmbVq4gSiQB,0.0011504106223583,5,353813
16y68GbeJwjWAaZw6bsq7B7HeegfWfRGAN,0.0011495985090733,90,352610
1GwyEqKyPEtXyASEWqGAgGqSL1xLsPov7p,0.0010240003466606,3,355505
1NYSmEVTWJdhJQCVh8ZpZQ58eLuTQ3cUjV,0.00093765929341316,18,588679
1F3EP384rvGWR6uTjnnFGuQns2T6YHFkpe,0.00091077014803886,5,352931
1tn3BbQuECzH4CBC8NVfkqYSUsernBdZL,0.00088902935385704,84,363800
14P3Y8mrq8jkFND3v6bm8bzWcZBrjkYxqL,0.00085290148854256,83,358638
13SxWMkcYBPx4EoNsfHRfQpnjutKo4X8dq,0.00084869936108589,19,359082
1Pw2XV1VEiNvr8LzNKH7Jj5MXLCMXyfBs4,0.00077100098133087,20,354638
17oxh8VpVEyW3FbZhoMu2bY47Xexgq62cf,0.00076505914330482,90,360718
1NhdUibC4DD6JbXwMrjCGx2kFagPpE96wq,0.00073510035872459,104,355929
1FGSC3ApCYutM3RtUjBtjpvcztyqYfybYR,0.00071347132325172,3,361970
1DEtpfHM8FGpzvuENNFmq8iumZ1cF1Ei6m,0.00063195079565048,21,358819
12voo7dFyAnbYhU5hM2ApW9LQtzkb6Xf8X,0.00060062110424042,20,439591
1K3UuVHpnKVZ431c2BjgHMcmPXhiKjTM64,0.00057109817862511,32,351832
14rcHfXGiQddA97kiYBtBQB2CA5KzPokN8,0.00056454166769981,65,668566
1Ltxe4kmbrY3xf47zG1DakSPw8jWKyKC8R,0.00051955878734589,58,357103
1GLxo3wcrg8NaHoPmSctF6WUmuSdkuRacP,0.00049031153321266,3,458619
1HaTF6tJotnte3VBMrfE5D7o8dXaQuqBnF,0.00046931952238083,11,352803
176xevABCrEqqk82Vw6RXe2TtWKXZz9BMe,0.00046927109360695,89,352887
1KoKTQdeP82a7gsT2RvcDUiQ3N75AFc6zT,0.00045178830623627,76,364849
1MopYpQsRQ61uh7tYMf72wcSJC9Cu87KWS,0.00044295936822891,40,374871
1Ld1nraL42FPfUfZpwoznr1fVtQ8tW9jt5,0.00042999908328056,13,420167
1Q5HuDZ84B8boeS7rvjtW8a6Fs5ZEHgf4A,0.00041785091161728,92,357541
17ZbPTmQybFFysHYN35Xk6CmTEzDayqXZ9,0.00041643902659416,3,449528
1HkAje4JN6RQ3SdsuT73BuKHqCynipVWnt,0.00041469931602478,39,412081
187Tisg7EAtce4D1pCYmX9GzsX1uwFp7FC,0.0003986582159996,47,378250
1L8Pqpxi6Bgd8uV5pmq5XHfnXfhSELcueR,0.00037639960646629,7,358690
1NtPrZ4dSxpUbavSrmJjaoDuPCv21wRKDp,0.00036000087857246,15,368835
1H7Xddhxj7hmmhHCABknTgWQvviVDNf2hd,0.00031343102455139,3,480446
12BWQUhKdKjdokp76W7DDxns5WtCa3QoPh,0.00030799955129623,29,351710
16pBrqYzzAHGLHLFa96kiCVq5d1kmBmZUb,0.00030649080872536,17,351838
15SW53XCbHxy4LN1yAiJbCWmGRXtJ7TFF5,0.00027396157383919,12,352652
13L98cSNtLJskjph1FpKqkC52FNjZEjkbw,0.00027304887771606,20,354711
1CinzywScccE7sDYv7Qts8QBfrGhBrURe8,0.00026771053671837,29,449600
1A7kj4Fk234p1yuwyVA1ozTh8VnLc3fNvq,0.00025749951601028,24,409686
1C1cDgHh5DSgHzBYhAbPExvYQZHZTwt4qy,0.00024731829762459,52,353769
1EYx6nmTtdMtiiN7Bo3bPauHJnaBHg9ejB,0.00024480000138283,11,361185
1NbJcTdsDwUH3TNjnsDX3zXGSCXnVSUXrR,0.00024054944515228,16,354711
1L4dgrjZeTya2M3ZZsHWpgBQS3YyxpG9mg,0.0002397783100605,284,371001
15MbxYM3wQu3iucU8g73uGxi2QZdWsntoB,0.00023926049470901,34,391204
1Fvg7PTRpuU1fjtnjLpUTU1XQTEkqAKeYe,0.0002317987382412,66,354632
1N6QnTnGuwA2oKu2j1CgKDkbk4Jha6GDJ2,0.00021076947450638,28,357803
1AGtkRowYrh1mG2wwsgkvVFAZ9YUQ3rdva,0.00020835176110268,16,351782
12CAJ4VL29SaDjDNJGFBDCvaTF48gk9SLs,0.00020807981491089,28,373882
12WAxqNoWUMteHZahyjZHPjrkteVgcKygs,0.00019999966025352,7,380723
17d268RNoyvfEyQkAk5j19677cc4EmWGZ2,0.00018661841750145,3,352095
15FLkniwnRseK7tvxy7MyosFN3Gh2Lrfvq,0.00016846135258675,3,353350
12sMBYoEAKR4FpJHRjYNsX484roBZfZ69M,0.0001661404967308,10,356240
19R1xAgeQLqVvhEAUa1NV9VpuR8Hvs7jLA,0.00016583129763603,4,390188
1AoWkyxnQVetJRaPLf51f5ryfc8hzq15gC,0.00016310065984726,11,354800
15nAX3nV26a7Vd9yUzxJxtC85RMSefJ52r,0.0001630000770092,39,351956
14hduNgSvbjF43ob1foZh2Y6dYDGQ6feRA,0.00015496835112572,4,352095
161YXVwKokoRjYiGFyPothEaPuMDxQTLMs,0.00015097111463547,101,369386
1DuqvqK3BD2aUE366emB6xYUN85QUmpK3N,0.00014884024858475,23,351379
1Hk3q4KteanXTYv9xsBBBhgXMaBaspkZu7,0.0001378208398819,51,354632
1Css4DUaMwZEJuUDu24ThSi8wrgo7qvKWz,0.00013427063822746,24,360732
1Cm9G83j7codC5vtCssQ5KRPzum4iMnHKx,0.00013247132301331,112,354637
1EqNjNQfM3QiqaDbjXmCPYsFSqiDQDo3oF,0.00013209134340286,30,360509
19Atfvds2efujrUCNf5cTDGaaZqb1p3TcK,0.0001157708466053,11,397233
1FrvkhaLSrYSvpyLB42T8godidoJBnxiDm,0.0001044012606144,154,353237
1CNyCGTkso5wf5DsaHbYrYhmKt8pFaKhGM,0.00010192021727562,10,358404
1GNAYMukvSRR3KgnD91tEWuCyte3fPEoEa,0.00010158121585846,10,363970
