"#Wallet EvolutionMarket (000000388b7abc5c), page 1 from 4207, addresses 1-100. Updated to block 724491 (2022-02-22 19:00:36 UTC). Source: WalletExplorer.com"
address,balance,incoming txs,last used in block
19BXo849QpxAFUFNq7YTccyxsepB7kQ8Qn,9.2672174610198,4,360650
1DctLPdkwRGH8a85K2FwgCnA7DfQYqgYjC,8.9990000016987,2,358864
19o44H3tk9tgSRhsTBExgqGMUrXJX9kGYd,5.3314493708313,4,352969
15QRH7ASeH3JxzhBF2arsFw4Rt5TAEKctm,4.8509999997914,3,351262
1FbKRMp92mgw823x6wJffAUB3f6tWuo2Cp,2.5500999987125,4,360787
14Ps6Jb5SnkXpDLEZjJ66PCEjxRVWGiFx5,2.429999999702,3,354930
13jSrBxFZdT9f7hmYqs97Q49KpkWxuGonV,2.3331581391394,2,353055
1LqjXHHtLLRT1E5BA78f3T45hCz6wKHQvp,1.1607800014317,2,356078
1HPJ3EBmzYAgG7aohAT6YfbcsNVNjbLtaC,1.160000000149,2,351849
1HeFoamdavrkmV9jELFbSNkduwZUrJLW5z,1.0945709310472,2,353343
1JdhRKN3H3dVYKcpLBBhPhC7w7pAQA8kbj,1.0276499986649,2,350052
1pWCy772BSsNNYUfLa5AfRAquJx4ttjwn,0.90749999880791,2,349829
1D3yE2xGGZYP8TRvhm6ZzH9uzBXdcgWD3C,0.88875199854374,2,362371
1FMdcgV6xCKiSvyJKyNQoLXYL1uU1kPq2V,0.83680123090744,2,412313
14QHDiUw11veVRCbJL88VxFiWZywTWqFMa,0.83139999955893,2,355795
1E8xqDdwuZwEDo22Tm89brb5TL2Krk6Fs5,0.6849999986589,3,372192
16nVaBfHY46ASKdeTaFULd8kXPGGGvpBtQ,0.65424619987607,2,349324
1BojzLHHxPLYeYZpyeyADoiPatkHXy7hJM,0.61587499827147,2,367077
19fHBSWx5eybvDZbCjphURNkoLmkR6jcoo,0.61100000143051,2,355926
1AHvmaWzTSXTUKanZeV561w12f6cktVMqd,0.60399999842048,2,351347
1AXLVrwH1mQ5WDKF5jVZVfLRY2GkMzcv1x,0.54286903142929,2,361291
1DRBDJuLhPVmLaQoNtKgxB6aGTM9cMz9Nv,0.51999999955297,2,486558
1CZmuGgbjFtdyZvHBia849XQmoE4jE4cLz,0.50173500180244,3,368278
1A3U4HM8mbmgY7Wo6sStR1GzACsiPRcvnd,0.5,2,370772
1Lf8PPeAMFVNUbczYh3VHtKpxAGeQD1hUP,0.49980000033975,2,352196
1A6m8UMDLb3bjmjnf7juqGRdiF4VAkPeXs,0.49909999966621,3,358020
18Kd6g8QMAV1iNv9zneA1vGnkZAJhc9GXV,0.49799999967217,2,403585
12reUospQfzndjs9ttDntJUCYxFhdhK3Jx,0.48003695905209,2,348873
1MSeFfJmuF3VCCC9Y3K8F6jdP7QLYbTrFX,0.46006900072098,3,444141
1DZjGfgemPNjgcbJTUQeyHk56jRu4gifgg,0.44119999930263,2,359127
13M3RwP3UhqSBCP4a8LRUt8nuQsEY1tzYC,0.39999999850988,2,350847
1Jn7CVZHuzPovZKzkAPjowkbRRzPydiXc3,0.33903073891997,2,392806
1B61v6v7mEpd35tBqpBvHsGyEQycduxzuW,0.32499999925494,2,359428
1HbsQ4tBpNfynr7qzAiJBLDB2w1ecohKKT,0.32339999824762,3,361645
1LorKbgGRoZkdXxmQRk9g2knNff68qhHAK,0.3179999999702,3,357477
1Cg1rddxkneDw8HRMzbt7gc4dAZTb5XB9D,0.30895730108023,3,358116
1EiGsHZ6zimDMikHDmoSqg77qLKJUPr7QL,0.30600000172853,2,373566
1GdLYWubvUkHbgfHYPFEGv3EYXvADyahJA,0.29755400121212,2,349497
1JkPEAaTFcmKDqN9Qk9mmkM7Q8em9dfwd7,0.26987767964602,2,398541
13iRRX7Mep2A689YCVw48NPzMPxp7JZY7G,0.26599999889731,2,348458
1Gc8nbF2QX2VL71sS2yUE3JpMYtikU6STu,0.26029999926686,2,350486
12prGKs3spBMmTyzJENkjxh5ycXmVaakD5,0.25996667146683,2,350141
1JTXzhMTueYD7SbY7gqiQzQNZ39WXzWbJh,0.2538333311677,2,350304
12SMiJGSJx6FM67qHejsJRrhP6rjYwby9m,0.24803460016847,3,349239
123QRYnQqUZJZgQP9R1BRMiHF2amsZGHgt,0.23999999836087,2,355394
176VGSWH7RKo4JPPqAjunsKTL7XhiiKByn,0.23750000074506,2,353422
1234AhbKmCr6xpRih7EcJzNb7YMkQBGPsP,0.20774099975824,2,368130
18MjSLwzijRd7HqwMVL2sBxKJB1YN81F97,0.19990999996662,3,426531
1G6VdUkPpjcDxWAd91wWTdqCke5EFRf9aM,0.19249999895692,2,367631
1DwLpRScSsypAUG9JZdkde11FdGnVFbaw6,0.18010000139475,3,372399
1EnJRgtw27sxDm3mY462Qxj9Strvzf6dRb,0.1758052892983,2,383337
1N2yJmjJwbMEp3KVMUfD2LeT5gLYaCNqqL,0.17520000040531,3,551895
12REk4xZw2n9JuiXJejB2vzFQDN6QgkxsG,0.14999999850988,2,352936
1DvaQmerk9jdhdjZJvmvypYgQznaWsMPnf,0.14999999850988,2,351147
145JeanTu9v5KA4rkXaM94EqbAHQoXtbob,0.14860000088811,3,369523
14bLygFcoHaHuCi8o8ZtEvqLYzZ8BoQg2a,0.13748649135232,9,476756
1NbdXRqjVyqtrQXGYvoYfTPAPNcrJEC7wz,0.12999999895692,2,384078
1LMXpNdzKA4RT5FYKe77bPkiPXYpNvUevV,0.11433843895793,3,349663
1AnJ6zaZ1rfuPsVfwqQK998u8gEFiC26nq,0.10409450903535,2,492416
1JkrBKhBdpdfzDQSF5riBVsfkEkEPCoNhW,0.099500000476837,4,349368
1KfeYBCNp9EYqjPkhVm6Zq6hp3t8kfqLnS,0.096650000661612,4,398738
15gzA1PWbjcHAvm6V5fLQSeobka9j9SAYF,0.096153851598501,3,348600
17dtgqrTW3k6oMsCsemNnGQPBcYZFErhwU,0.085473731160164,2,361056
1EPU2wozbMB6QTWuAjS1LZCjEhQnxEbSAR,0.074347879737616,2,437477
1vRc6wBb1CxqsQzgMUxpguw1mYQrkYhDA,0.057730998843908,3,348864
1CnB77VY745DTr6Sogor1pLWmBmwfJwTj7,0.048818949609995,2,386067
18oBN4nvyd7BunqcUdoUMv72ShazdvYXhC,0.045011278241873,2,350416
1JWrogFtT3Ys9pQS7FnCkAUt7CNTygCJVs,0.033337119966745,2,362638
1AJDeoLkUnLoGAtAycTeFt3S7SYYtxZmnh,0.032999999821186,2,348440
1Ao1LuaT7BAY1khyVw2jsCHyLrmyAziH16,0.0287000015378,2,348755
1Ebno6hqTtkxdSGUe8QsayTe9zbUhyjuJe,0.024999998509884,5,349867
1FegW5tXKEYHUsNoca78Npx3f87zznFKuk,0.021337401121855,3,354512
1HPDjb5UxMkqxyzymG65Xoaq9XWGtDVhhG,0.019499998539686,3,370828
1NULJaunUGqFFmnDtPRQ2oofnhLE1Hryye,0.017000000923872,2,349473
1PNXvZhVUrnNYZbjHarmwfUTTQ36zBx3pi,0.011324491351843,4,355298
173jf8Qxq3nwHPE7pFr2YG3hjucQ5nQKFA,0.01001938059926,3,349894
12eHHysMHF8h19RtyqJAxfyNKCfv3eBSy1,0.0085151717066765,2,348653
1FE5Qw1wvaW7Yu77enrRSkadi59RAbqfdt,0.0040000006556511,2,509414
19ZvyPMAZQ9qLzGyAAwiYqhkzi6x91YPQm,0.0025281310081482,3,351734
1NGKyMAcE57SMJrXRGAKQy7CKPuiohDCSb,0.00099999830126762,2,357317
17oeHbVZf6msSiX14Uf2JJ7Km9xwaMFw3Y,0.00096062943339348,2,459759
1L6zqs7BLpVrGKrmahCyTXDJhCeDYJFVCT,0.00042999908328056,4,358475
1sXnfqYdGwQfaBsKUgNm4F4ZSBd4kam5M,0.00039999932050705,2,368167
19eMybNTNZSdqrU9ZXqpeLBLTHdMZWQP1Z,0.00039441883563995,2,350464
1DMLhLA7ZDieSP7oLw249AVF3fPRkWpAhb,0.00030599907040596,2,389251
1ACEBcdbThXvSaAe81uUFASf7FdwFYghE7,0.00030000135302544,2,348336
1CY5LGRx6tHPaFerTmv5qqM4Hm2GLGqMLp,0.00030000135302544,2,347529
1GzE5SMKL5KAvnBnQMSwHGGtMbFfbcozwC,0.00030000135302544,2,347198
1BzNjZZFoxqTrvTcxvExmtzNysDw5Jk57L,0.00030000135302544,2,346651
1BrzWnXFFzTSn5KJdBGuMVQW7m1gRr938b,0.00019999966025352,3,348353
1AmN7HZVuriy7f8qXdHw8QL37EkCRs8tjV,0.00019999966025352,2,348296
198y3mfozMvkmPSXycYLEPKM7ukQ3Y5Shn,0.00019999966025352,2,348166
19PScheN7zaWZt9hQg7rFWCNQuN9q8jPyA,0.00019999966025352,2,346394
1sPGSJLTTrpoy9ETCckLwkoBa2axBcxf1,0.00016827136278152,2,347815
1FqDqZFPtAKHZembRCuapQnUWNHUQBySaB,0.00014135986566544,2,347410
1C8CHSmVTt7QVMi4tqLYMyBk7U6vKmTmek,0.00013085827231407,17,348685
13JLBjJ4s8s6PTUY4RuAfM1P1rbmWkqvwx,0.00010000169277191,3,382985
1DgWzmxnacazopuvhfBC22QyNVm2BRsuzy,0.00010000169277191,3,348335
15e8CDwZxCofGJ9E6BdjAH88ESidUn3TH9,0.00010000169277191,3,347806
13mZRhqsBdE1mZRBshCUteFHrr9VqRT1YU,0.00010000169277191,2,382985
