"#Wallet HolyTransaction.com (000185a865d8c03f), page 1 from 1013, addresses 1-100. Updated to block 724491 (2022-02-22 19:00:36 UTC). Source: WalletExplorer.com"
address,balance,incoming txs,last used in block
3MWsnmTW7Tw3bxMHsH7FPN9BmAouLZaCwo,0.17696490138769,409,713291
3PEKHU9LkmHSbWQUhL7jrQG6ZGTpVib28s,0.14066360145807,360,711420
3Fqm7LePb1caTRVcpMWyfWkKgSd36thwnK,0.066627599298954,204,711744
3GHKpdXDBhWZMUXKYsnyzBpGcjVwiehQgE,0.055739399045706,153,711412
348tDded4hjatZRsjpaDjFEc25Xeq8xftL,0.045710001140833,335,711744
363nAFvf42618iZanXe6EuwgjwtN6jaifY,0.040619999170303,124,711744
3DsQubzYpsVLSWzXpWAM63ZTQjePCfhMVE,0.030128199607134,70,711744
37J3EBv71crH1P369vqn5C61tCGjCNMLxX,0.01892028003931,413,724315
3C9Cm46VCRdzzXpr8AJw2We9DAXqFtDhHS,0.018184598535299,1542,711744
3NqE5jhaC1E17BgnbbkrVi9VdHkHdCQpkH,0.014181699603796,1855,711744
3KEGyHtd3TQFTkTfSbDEPgw45mWF5K6tVR,0.011252049356699,32,724265
3LC7kQzBgWn7eLfuj1xvnFaFqvnQFA4T4a,0.011115498840809,27,711744
37pSUhhcUwUuNF5fwDeBpx6cWMLNPgmTT5,0.0098435990512371,127,711744
31tQG9ST5ojx55Wy7RDaCp2dgtfoQ5sorf,0.0078806802630424,131,711744
19f2JvvDfLkarcK6yG9BN8RY9oqAPYVDh1,0.0068179816007614,440,723198
3CdCHku9XyT2xAxzhPXD9aEm9h4cWhS8tT,0.0060521997511387,211,711744
3Nux5aoiwfSPcqB8sEACxq7fLt7sFzQG5A,0.0051010586321354,13,711389
3NYKHbX3zRbcZeASxjZmb4bpF8kZytnuvi,0.0050459988415241,798,716927
3FM37nyV1v1Xk6Jr87h4tWDotLdS4ExGyL,0.0049754194915295,19,722263
343CXYVBKXT2VgELCdjEeMyPpfiKwkzUNg,0.0047542415559292,338,721096
3N7qGUkjwdpyimw6ZA1eHjVmFe8XSkgYf6,0.0046541206538677,17,711414
3JFa1ZZ9eE6q6doB2GrvjCvBqRhQSDNWfh,0.0045955590903759,12,711744
3H771zwrw1SYNro8PPNRwQHeQHH6XFe9cp,0.0040805898606777,135,711744
3Cdm4xpWXiNTGPdgK9RyrWUezTTG89A2Tu,0.0040474683046341,69,711744
3NEpqwKrmuCDsh8ZtLWMbfaJvVsWMVxYEQ,0.0040312483906746,138,711744
3QgCDWPQBgnUdUSkVzhuUM17UuGgAP6Hdr,0.0039430297911167,191,711744
3QVYmoSJDXrJmQHbE8oiab4kUv9bMTLSK4,0.0038726106286049,24,711511
31nL7sdj931pZZ6m9uzs3hEZGbnCizgBwH,0.0038217194378376,157,711744
34q8xVhyjacdfbgTBujxuf6k3a78N3DSti,0.0035938508808613,53,711744
3EWo2gYhMuvBJJWktfDdWjvtpcdXZRJf2T,0.0035848282277584,20,711420
3GQ4PKEmFZdbNtRrG251JVHd2tbpSJaziC,0.0035166516900063,192,711744
3HAUVMZUcVPFjxzDR76qzes8mQ75149xyB,0.0034180916845798,92,718527
3DgEZ45fN1PXPuZDEBcPCtn1DczaGY6RN9,0.0032869316637516,13,723862
3J4y1aJo4fQzfJoVd1ywc5swZimcBFSzDU,0.0030101798474789,33,711744
3Efd1xzasQLNQoYjw6BU1tM7ZEdHQooaZt,0.0029999986290932,21,711511
3EhA7AvmnDVGiCfViREAvTFjg6ozNdHGpa,0.0027321204543114,16,717020
3Ai3EquB5tkLgrXZVsV9yhsVS3PkQyfUWt,0.0026970207691193,24,711511
3BsUVpcNtK55t8DfVnUE6w2eswqPYCaMb6,0.0025201998651028,166,711744
3JQ32azDp88wj9v6d2wKP4AjbESbYtuy3K,0.0024392902851105,50,711744
3CNuTk6hEyE28gdaZD2AySZudsEkJnifZq,0.002340029925108,15,711744
35Fd5jHA2uAXieVxEbgt21EQstbuPYnRGd,0.0023246109485626,22,639053
39EUP9mhEWCwcQgykWwRxDRPBWK4S9mcJs,0.0022829286754131,18,674602
33gwL6fhuNh4hqKHNp7LE7F5gVcoBmkjFo,0.0022679902613163,183,711420
34EFvTU73tj8RChmfZZa5oErKhCAi5nrKj,0.0022200010716915,32,647076
379icfrnQfjmgX7kWZDTg1w9KsaPs3Hz1E,0.0021871589124203,92,711744
3K1XFBptUEboe57nS15rPgagGEGkwUWdM5,0.0021572895348072,187,711511
3N63tqSq64FK1Yn7NsyT7AhqdiYyKD66pD,0.0021522603929043,11,711744
3FGJYJK1XcQmPQTU8Y3DULsketirszP2BK,0.0021186508238316,77,720272
3K3eLVxnvqkkJouiS14A3ZjoTWwQwe5Rx9,0.00211026892066,19,722921
3Hr3u9pQfKTS7NzjQUeZBtJoag4PYqgELY,0.002102579921484,181,723749
3HAK7FDm6VhtBYvya5Tfg4bREfbG7JCpT9,0.0020761005580425,6,724427
3GBcRnx661p9c4XRsBMumKQxzLMQDSL7dX,0.0020165406167507,34,722148
38yRQ6qJ7uRVS5Fvsf1oWfrecRvdxwFTwj,0.0020052306354046,150,654034
3JA1HM2LC8TrQ6WL3ukc11BXxLBi1YJUt2,0.0019968599081039,9,711744
3NRenDijMqgFUJ7B8oKtYYvQQo2yg4n1vd,0.0019950196146965,39,711744
37uur2eMM3zMJrFdCF98Z2RDfa5oMXcvDg,0.0019806809723377,18,711420
1AhJ3iTKzzc8nkRqYEvANydBGdW7s3k7su,0.0019757188856602,453,659303
33fhKzZ75MsE19VansoDKVC7cz73NtGnum,0.0019546002149582,11,687599
3FhYvZm4zBYSvy5eJMQ9oLxF6J9gt42gdi,0.0019527487456799,14,711511
3329BCSsw1TwJs9MaP1fgMzhvHPJL6qYSc,0.0019292682409286,12,688511
3FtYX2zi12ixsotMJynGdEx8CvdmcAZq2e,0.0018999688327312,10,694318
362rASMo9ZkA6aYHUdxkXf8VhBnhwZ16zQ,0.0018616206943989,16,724278
3MXDdjEGgicuYxN3Q9TwoFUAHT4zymwMu9,0.0017694607377052,149,711744
37siPNmwMYcyWbvHKf9vEeSYE66ubiifao,0.0017433390021324,10,711744
1JhSA8CeUuRmDyJstEyGHMbe2nNodetkDD,0.001740388572216,153,719639
3GmJM8ZomJ1Cjm5xq8euZaygmV5LdSw5s8,0.0017196200788021,14,716038
3549jAW78iLNDyQmZwApAWY3htga2k9vci,0.0016579292714596,7,711744
33M9uutvLZQVhmTWRpf8CEaHep24ZFFeDZ,0.0016491487622261,23,711398
325B64htNfCDshpXu8nj6qZD2Gy3asTqzT,0.0016220584511757,6,684693
339xk9cvFMgsGSMZfAriEThwwC7QquhGVh,0.0016123913228512,4,680809
3KfwQPTnL1tmTLVyC1m4tYpNTvGDK2szUD,0.0015370398759842,147,711744
3JRnBsiTSB1x6pqeJzXXaXSe9W7TX1owN7,0.0014543496072292,140,711744
32NwX4bKidjZccg1UP8Uvi5NwgdTnLbGge,0.0013982690870762,6,717135
3Cd15wyrCe8Q5WWSeLxQqP6ny1eqQfeDi8,0.0013714805245399,6,711511
3KcF1yrY44smTJpVW68m8dw8q64kPtzvtX,0.0013695582747459,14,719057
3MCVoWiSopsuVNM3zpRz31CGP4tQK8KYGu,0.0013602189719677,12,700667
391XQCr8kMvKeta2AaU49ZNqE1opCu7Uab,0.0013461485505104,26,717364
3CEYUNdt7PYwVMM3eJzykkVsnc6s5rptV7,0.0013018101453781,22,669521
353DZDQi8GYNrNbqKraANQEeZGQH7CDYsY,0.0012842603027821,28,721095
3FqaEbg2QprWXFZkKhNNfroRYUx3GrxoCT,0.0012767314910889,3,711744
3Ao6Wbc7uqg2pNqgzLuVQEHWGgkcgUTMBL,0.0012736804783344,9,711744
3HVtSYvtutzKoBDdnZmi5WdotPEDTPCBPz,0.0012642294168472,5,667535
3Ek2MAQTpHfb9Ae9VQnMmDj62F8JH9fZhk,0.0012469403445721,9,711414
37ywqAYgA8oiaKsEM7t9cYDB4bQE4untcY,0.001203540712595,6,711744
3F9gQ5zsfWxzFvk8ZGGqjf1JUFJWskPAaK,0.0011997185647488,5,711420
39goG9b9g6w9nQ8oCNKEV5NB28B1Dvrh23,0.0011980906128883,4,711511
38VCjr8kZFPB2gV34MKBuxyahYKKDuKtMN,0.0011940114200115,127,711744
348MFWvecHtfeUDhHJX8uLobbWeXWfAYPr,0.0011552087962627,19,712193
3CnzPpbn2saMxFtKXcebX6SS14fpCVYtLb,0.0011510588228703,20,702369
3PDJJSDbNbCCwbwTFz19Chq16fadhZRCCq,0.0011496096849442,7,712975
32Z18WjQtTq5qJDuaek8P7RwTBXVRvPeeo,0.0011412911117077,27,722613
3FQ4x91KSRCY32Nvya6f9PPzTF1sWW6fpX,0.001131571829319,8,711805
1H9yiMPbRBotd2ZTiNJpRhqfvpX6WP2wGH,0.0011249892413616,9,722763
33zQHfD2aLNgPhU6BpwpXijv767DvjWL3V,0.0011108703911304,190,711420
3L7x4wUVnbA5GhNn9EaL8feo8L9WcHQsvC,0.0011073090136051,15,642041
33WvQnf8gytn9yXSyHL2y2t9TZBsqoabMS,0.001102551817894,5,711420
34JqbooQvtswn4YKYnanwo3ssirFVdGC5x,0.0011020004749298,3,711511
3GZmovJgcDKTRkkxy7U28zpwsmS9VtuhAH,0.0010577514767647,8,717950
3GWFpAc1A4Rkn4MMRPsSTjU8qYoSs3Zn4g,0.0010473318397999,6,711511
3KtMsYeJmELTcpUd9vfPt8fvLenUwWpV86,0.0010464116930962,18,711744
