"#Wallet Instawallet.org (00009b7d6bf3ddc7), page 1 from 1092, addresses 1-100. Updated to block 724491 (2022-02-22 19:00:36 UTC). Source: WalletExplorer.com"
address,balance,incoming txs,last used in block
1PXwWM3t6mWYL9zqbXi16KpjCc5CHbJPcX,56.527210939676,4,667255
12LT7T8gj1T8hAxuFh2C9r6NHuh8TqypLd,30.315600000322,3,183439
18Gku4LZHN9kWvEeEv4ic8bwQVqdL1TEnE,30.000010941178,10,668864
1PqiBHAZ5xzsJCY12gTTz8UdEUZfVhvdh1,8.980000000447,6,284635
1LpUXLiuaoQDFQ1YB2Fs57wXCWBg1Fu3ba,6.7261884398758,2,231019
1F8sZkSuUAZ8btHQkNKGVpCyngkSHmtsdV,5.9571999981999,3,241516
1294qy4fWtFkjido7VJ1ZNmvr8irP31W4r,5,6,219437
17jz8seL4aRTKVXYTp489kEGLTjb5wqioW,4.6059999987483,3,240845
1G2L5LJgJgeECEnRALDnqE4jy2eFRjWt6r,4.5363399982452,4,219110
1BJxcM19GK8AbYziFPFewzAsmomz25TqRE,4.2601876892149,22,180068
1PfWk4gqcHj5dWvtRMsqxESrhgHDDesWbt,3.580834608525,12,180069
1L7ABFJBQN3qD9nLJpHcFgLfGM23GRHkPf,3.3448494002223,39,180071
1Dk3jnoiUt8Y9iE2Xp6ZSoWwaKr519htYq,2.9147000014782,7,230372
1CAZ8uDmEPhDyN2qrDcfVud7YwHk1zGDpy,2.8799999989569,3,233387
1Q1whzaezcax6PXAvufXJwBnVTdV1qsA2C,2.3602044694126,3,234078
13FcMi4jL9Eyu7e2YKekYLuL3DsLuDQ6wy,2.214273430407,2,231335
1549pkaEzUPwqNy8xfojcw1wT29bADBzjg,2.0399999991059,4,238759
1KhotA68kQsYY1RaT1AdUvzuqQecP2UbQv,1.8881631307304,3,234960
1A2xhrLhTfSUD4qcUymPFhVagcmUeR3Q9c,1.5474000200629,5,475141
1BAdnHRoJh8185tNvDEmfprTxgYfNd1pfb,1.0492720603943,4,247406
1APtV8d8zkzMu4o6FmnSy2bJz5btAf5mNn,1.0088366493583,4,460131
1FJDR1M8myvZK54pqvJ19TXCSBkzAyw37z,1.0003536790609,2,237520
1EhJ9ydq3yJWeRcxyWdJUEcAZEZJbbomAo,0.87000000104308,3,231146
1KQtMgmkYW3iasVmEyoUqRSbefvdP53FDP,0.82999999821186,4,229997
1GYv9acKB5Ab2ajKBZTEZjv48sGH6FfiGY,0.77899999916553,2,284623
1EGwGhSjhuhkCdGhDUr7MfZqP9p1fp2RYs,0.63989000022411,2,180004
1DNVNHktm88yqRjz38X7LoZxuhRGrBpTm1,0.55376097932458,59,238932
19pVrmYqEyMTFoM7GpWSudku3u5BZJrRBa,0.51189389079809,4,232316
1N68FZ38ShgcznxxuyyBC8kftk6xDPEPRH,0.50899999961257,2,233677
15YNM9UR1KbLNhBDtc2qw88hQh3yXR9a8b,0.50000001862645,4,309740
1CxHYPnYBgSno4Xx8D1Nh55NbSPrLdRLMy,0.5,19,181266
16NWL1hW9Xf1USjGWEDGZMTyuCGiJVBstZ,0.39999999850988,6,248558
15KUecgaW2x4tDwRWfpnMJxq4RRJ5Z7fQN,0.37091000005603,6,289898
1GtTxpF7HzSsjMapkEDtnJWFV7jjUVMWPU,0.34890186041594,60,234927
1PfRcE6WG19Mo8zzGWmMtSZ3MJg7W2gcGw,0.34668983146548,78,296919
1J4EDM516aUHQ2M2DJyQyXAk2H89zNKjwN,0.314214669168,4,294150
1NSmydkjDzmtxhCiSJFWfh1WUmBupCXX46,0.25691999867558,24,323740
14sdMqVZHmDbbz9HAb9mQexJj2ihvDiAEb,0.25,2,179788
16RvBMxHR9xcMUJdmxvJk3JTt7gNtmACjq,0.22000002115965,7,475104
17ea3NbXTKjzH95Pb9AU5gtGFcmi8kKg2X,0.15488778054714,12,260919
18JYZ3aTuoSLwGM1RLuUfvAg6oqnnoXXsv,0.10004644095898,3,229935
16f6ZPFWpcMp1gqfMLv5HZze7ekLwTFwhL,0.089999999850988,9,229953
1Kx55Nwx41RbxPpo5EMPGxPc5H7yGTgBzx,0.087622869759798,92,342134
19NvDZhCc1BpE47N26uVHDTn1Pfd2jXhw7,0.079999998211861,8,230259
12WH6v97uQUpVan8GYfDWcwEqykpdLFAUz,0.068092718720436,13,221131
1FpraBocnVxGCPqKkCKk539nHQWpiNLVhF,0.051554251462221,2,230633
1DuLrhotL9Te9aTYWSHDD3nBNK6mUFC1E5,0.050671309232712,14,234927
17F2FGs2wRLsPZnUyX1kYKdDRbBtjFJPby,0.050436731427908,5,234900
1MCARALEqNoLfQT1XdoxtTREk8L6kvHYm,0.045730281621218,61,294735
16RxwJUoKnXDXXu68pfAMCWusD3LwtMhtq,0.045000001788139,8,274006
13ectKyfSdinSQCFgJX2PEBdtSQvdbi7Zv,0.043936029076576,2,230422
1FmsLeLXBgZZSGbh6bUrwEvCqrXzDc5YTK,0.041000001132488,16,230516
1LRXa56WPKxaV4m267rRWjgryzZigCFLwm,0.029242411255836,35,220191
1MAq2FygKcEzJfxYWb31Ai8ARA3VWn38mL,0.026020921766758,2,232309
18QWm2sXiYX8p2kKSKTtr8wMFtPRtcgNWb,0.025687199085951,90,331448
14KF98JRK9tEMM22eQU4URBPZykQgaNmHP,0.024750240147114,58,342029
1GNWbB1NcEHLnrzJ2LH1su3qGZemfwZWjH,0.023746598511934,132,251121
1JEHby2DuY95jAz3jU5vthqkuE5SfmBgRA,0.023135170340538,45,342089
197XBRS1EUsfAqVeRF8V59svD47k7GVfbD,0.021637748926878,105,342134
1MTVGi24Bs9SEa4Pna1e4DgBFsfWi3bxEq,0.021548848599195,2,229875
1N44hjiZiHiWrbvda2LsxpgpgAEZzZ8coe,0.021521601825953,5,234960
1PLrk59uYTt6vaGpQw9P5P9HGxTia2w7GC,0.020543999969959,25,316080
1QGskd7tmUFjKLFvW9BJ58uRbXqGVv36es,0.02021874114871,5,230333
16783T1sTkDaUvg8VSy2EeYm3EXsWNnVqy,0.019636999815702,737,286464
19JfJRaYNHHBD1kDeYRCWmFxVBW1H5BUJM,0.01951314881444,204,248558
14AUeDazwTEMECUZGLnHLt5DmkEXbPGQMH,0.017237529158592,29,309657
1PNGgjTAYALD7Ga4QV65U2j9EdJB1rFwD8,0.017190348356962,9,342029
1JYQEj6CJDyfV1GX6m77MZhff76vmvrbRZ,0.016938008368015,15,342029
132VnVar7G2SZ4f76pehgKedtxQc8y6JpR,0.015999998897314,2,219704
1FrmKRhocEsCUcxEQ2BwoP9Pf8oD3ByUh2,0.015494391322136,29,342095
186Xf3D8tHAaa9JjympD9ZDKy7LC9tdw1L,0.014733709394932,149,381392
141k6bBALryAYWNJaqNpdiaUYFmjb33Yu9,0.014521308243275,297,234900
1GYKxBM2DUEwTZ9tLb9GcyDdNUsJJztHS,0.013571389019489,3,296915
1HKEHY6iuZTvDRNHHfQh8hCBNeoJaofTT4,0.012624360620975,170,475082
14QZtZiA8nwbUPqV9BVnUhMTk8vAZCkbRC,0.012610200792551,414,342014
17w6N9ADCwDmQYLszDWiLSLxfBN9gQVsnk,0.012570988386869,156,297555
19Hk5BnEtVVLgA1e9TeYQzuEdb2mo5uqsZ,0.012173909693956,289,299742
1PcF2WsaLFJsxnZeVjPUhpFBSWwJsCGN1j,0.0119454190135,156,299141
1Gyabc4rauKoynQf2SCHk665DrAauLpoQd,0.011904019862413,9,460002
1XWMqZoeS5MeqkFBBS96iXzr1WC8HNGVb,0.011269349604845,369,637234
14tgXxkDytY7T57MUnmQYw4JVL4YchrSN9,0.01119440048933,68,296914
1PQPS1mafcoAKEzgYemXeidTF1brCLT9zC,0.011127810925245,45,341762
1JECjhY8q7zbfhBZSoeD8Sju3sSAJBg2ak,0.011054549366236,96,296914
1BziJskLYpEhsWsEcCU9xRxPdD8X6Rpqh5,0.010945420712233,65,299141
18gPe6H2PSwKWyabum2hJEamvp9MUb4ipb,0.010945308953524,137,299141
1862kD6dTh5yKvG95Mhf9uz2T5syVt9vEQ,0.010945208370686,18,296914
13wSprhW2t7MfrTkxyuWaUhtkhDC4qRYEY,0.01094489172101,125,297555
1B4mfV6QSbXizT5rXsW21xQdLNHmbrNUbu,0.010938119143248,342,231819
1Q6eviVHSU8W4q5QMEPwseReJ7Auto5ZKW,0.010626669973135,61,475141
1KVFPgcWYRu4w4FuUzhzyyKQE9EKWg7itj,0.01044762134552,70,296914
12XLPhxxWdaxqzMSospBWgjTaihYxXpuou,0.01040431112051,155,245055
1DQGryEi4JouGkUXaHpngdxvJRYmuLFZP3,0.010018680244684,210,342018
1BHgqZwgk856KAPXyjMdmUbPggwWfbWmMD,0.010012350976467,22,231905
177NK5EpuoAJvWwMuy1Cb6GMdqXj5oSaMt,0.010000009089708,4,460136
1Do1a6457UtLswL415pUywwnWEcWZDvong,0.010000001639128,269,311913
13t557ndjExUVP9t5NtYz5fbTm3GTF4kzx,0.010000001639128,23,231819
1Fx7Pmqcf3VkCK4NCkhTbKh6xW8bmabBab,0.010000001639128,21,309513
1Bd1vVYv5CsTeUrBXqhZm6xSqsr31C2bvj,0.010000001639128,21,222556
1qYsJbtEWAeXMsbgxUgGsJsAp3VArsBRd,0.010000001639128,20,440067
15JM5nByk88P6SZrS7sNmWpKEKKqDk33so,0.010000001639128,13,220390
