"#Wallet NucleusMarket (0001a5d354cf4f44), page 1 from 1464, addresses 1-100. Updated to block 724491 (2022-02-22 19:00:36 UTC). Source: WalletExplorer.com"
address,balance,incoming txs,last used in block
1LDM7MdmimPdyKZLZnmJoRUqRcjHMsakkC,159.00022035092,8,642179
1DvPmFD9unrtLabYSryDwuxkeufZEzHGZu,59.770105469972,31,649317
1GGe3NGdEvsgnBzrwKnVeRqTtadjRHjqsJ,54.999000001699,11,406697
1Ni3xuKJH8YnUuLUGbMcrJUGyCJe3LxsWr,42.934005469084,15,663924
1Lc5Gm5d7AZF7Rsb1tZTY8irAY6K8zHZLJ,10.412000000477,158,406826
13krrpmwPMK93W1ETU4FYcJpkhiK6HX3RZ,9.9844000004232,192,406931
1GjT8SiRg2oJmV3BuNfCm2yYxYsKgToMPX,9.2786970511079,43,407066
14amFPJPpVmbG8Dv5oQbacgfB7sXY9PZBd,8.0709999985993,121,406644
1Qnpb4RyFdXp1JiLzUVdY3xSFihjzZeg7,7.8867999985814,82,406862
132rKJUDjCDsZVQLMem8dSmNybphNioB97,7.6400162316859,9,406973
1JrKvPHK9BHt3fKgNrkneyEeLYQmfqeEEH,6.5599999986589,112,406771
1LKBKJMDuAhT8vMq4yzQruHXmHPN7BooEv,6.3592550493777,155,406937
1EWXX9Rm3rjF3jYRhDJfCCZAUCEtECRveT,6.3331883698702,196,407021
1CpZxVMFL6y9yqA6UHkBBSffV7kJaQXcoH,6.3301200009882,236,407037
1MSsJJKAw6g98dFa7JVX88ZkNBebxpTzr7,6.320000000298,175,406940
12MmNywDp5kioeweJ1iDkb56ipkS1Dzg5g,5.8696000017226,62,407157
1G94AFKojkHSdxLwS8NGnabUkjeyS2XscK,5.8455700017512,101,406786
1PqtykBJ7N63hXC41Kfd8h51xs31fNUiy9,5.8179999999702,98,406314
1CWLQNnFCz8FJQTgtvfhQE5incvcH7JyDr,5.3901769407094,21,407043
12GyQJvuovRNJifaABi24twmdXNjwny8ew,5.2509697303176,70,406863
1GKQqiBRuJg31iq27i19R7ECMfe7MxPL5Z,5.1000000014901,33,408417
18HvgSi9pyt3cHm4M82F56egpLtJWhKi3B,4.929999999702,53,407121
14jLkMtHzXNow8ZSQA4URA5qsr5gomfa6J,4.6486118100584,44,407122
1F696KZVHCrsBViusyJKGUpvNAwFubxGhM,4.630378998816,86,406826
13QYpjeEHVDUHawfeZKKKH7sTzc2jSrg63,4.6264499984682,90,406824
16FT3RtLubXvbLpokxtGkPVN156oHcTmyQ,4.6096000000834,57,406997
16BSc4i5rM8ZGw335NvLkSquBc1Yx1ndNT,4.5500000007451,67,406914
17Tbjm53X22yUDPpAPxCQy9RhumU61ZHzm,4.5102895013988,124,407068
1DmAGrof5TZDp1SLVQH4biAgmRzkWsEpK9,4.4699999988079,81,406999
1QKwnpDuTu4rJg45Ur9jJwSEKeMhhQ6HTf,4.2492350004613,2,407861
19GDRhcMoYbvKq9gvmKydiGyzbDd75p96c,4.229607321322,61,407024
1PWb1fb5SuzppMykCAwbokgD27U6L6WaFi,4.069699998945,6,407104
1BMTSA5wkoZAezcyMmygfKyvRMUnYcu91Y,3.9829000011086,131,406972
17fBEcWwu7NYxWmuY57UeHfJjnJyEDHS9R,3.8704000003636,44,406474
1NCdBgvPhsgPu6ZyC6hLWayhghs8Z77LX,3.8409999981523,36,406818
12SLYfkuTEvNQFvvecHf3BB2z4vu4H2ZVk,3.8198915310204,13,407003
1xXaG9LYW5WNtcBPCChyExqfAAjUcSBKs,3.7624999992549,61,406999
198TVxZxwsReR3krCEYMxN85qNuYfAVUhn,3.7448124997318,130,406917
1H6sbYnxeLcqyanMczX3SZ7fCyN2QbEDKr,3.7331000007689,170,406989
1DDAa4i95TzrqgbsLLJkjaKNyNVNhcwHMQ,3.708299998194,40,406979
1KgQADtgigaWmw1U1JeukYimp8mnYeWdcc,3.640000000596,49,406938
14R2V3rx3fsvTohurfim8h3cT5sZBqUJkV,3.5399999991059,84,406341
12QWHEDwp69QsPB87PRDiNPVV8DvChSHXY,3.5399999991059,47,399353
13CtLLKASQiWZA5eAujPi7nRbmj8osVdyj,3.5399999991059,32,407064
1HzVhRy9m9KpeC4s3TsLLKThevKwQWaE1B,3.4499999992549,92,406937
19PfXjrBeFySYnWansBg1Q3nAFafGt7aXb,3.4329000003636,50,405083
17UyMmWpfq4JrckPMPr3p5K5jMbn3mssf,3.394999999553,48,404141
1M6LiY1APH2rwJjGkjXHbLzXQSvfuQrPUd,3.3625256381929,39,405989
13oKmsPACQDP5StG64M8ataF3TCYjzRzSe,3.3395729884505,80,406755
1GJPfjKr8x4R4Sb6iGXezY4JwF1zBx92cT,3.3381000012159,25,404726
1366kjkgQUnrdCrevXNYwCkHttbTWnAUpZ,3.3350000008941,73,406275
1NPkfMYxe14evbRYhkqaXvgb8WQUihur8y,3.3099999986589,77,406829
165cwm8pnVhv3PJFoR5ZGnTw7q8ZRrNY7t,3.3045299388468,76,406833
19tA9HJfnWkpT43RWf3F7TkvPomcRAcX3q,3.2441999986768,90,406143
14gT7hoSBzcWxit8SW6n9SCMHdzMEq2xsq,3.1719999983907,63,406181
13DZKCoNQMJoaiLW9NzMoiWxj8nkpFL8g8,3.1627180017531,87,406912
15msKkNjEApRwKXtzTvPzfghCzD1WPGZJD,3.1589684896171,44,408015
1Mxc9VJ94kkSqrsBeh3ciG2y52C68frX9v,3.0817475616932,117,406940
1LWmmhnWrapXGB5ANWz97wF14ppTXwGw7D,3.0205000005662,47,407890
1B3w9LZ8m96eL4bNXrR64XPBsJZUWeocfK,2.9693306796253,25,406980
16pCtUif4yD5FZL7rkuqUBBThLJM5gaQq2,2.9613002985716,71,406777
1Psi73WjaYeLDZpyVevsHvPVJUomdf3orP,2.9239221811295,68,403555
16yVjfhhSx4U8zqssKQ6DT3EVD4vLfEu7p,2.8852999992669,36,405925
15oanpaXWth2QdGUh2R4iEfijp61NQAw6d,2.8099999986589,38,406956
19jo8Ve9am6drYDhxccVhrZFmj8xtD8CKC,2.8009000010788,17,405263
1KLTTPsneVdyyLFiNZkDDTaFrEoPEphpGE,2.7890000008047,154,406820
1GLBeMy4bGFomkB9zbPt6q8nZxFbw6U3T1,2.7800000011921,34,403640
1JodwHiTJo5ZAaxgZQRYcrARabzaK9ULQ6,2.7600000016391,31,406082
12ae3vnVMStQnrv7CgBBU8ziCRHyxMukhd,2.7489999905229,54,405133
17G2mVz1KrivbCKY7HKrqGZssB1HsmixtQ,2.7399999983609,29,405888
17nNctGdqqpGdTLm6YQroNQxfAFEjJUS5M,2.660000000149,48,404847
1PrAVFspQibdnkAZdmdFGRpPGsYsQqFMRa,2.625799998641,21,406122
14oJk635CwbFp3RvSyqLhqpKJFLJKXQyVu,2.6059999987483,30,406851
1JjXD2zhkzS9jaX18fhvNdjYYnUztRxgt2,2.5709999985993,33,405349
1Jy259AZjBUhbgd69kmAwWTKbx772yc5Xa,2.5615194216371,87,406764
12HYnLSpbXA5QvNQv16qM7QX5k4Cnnw1YN,2.5568327791989,53,405178
1Hgj1ZGfZMeRJhmimSgfT75EK5PWKC9bEB,2.5445000007749,38,404511
12L7qCSUS72oMzDhrNs7SjYB9iaABK3xks,2.5298999994993,68,406644
1JJcei5tteJX4Verhy6EvydRDYHm8mX4KV,2.5159999988973,29,406218
1iJ56samGspAH7HD4WgoZfv6sV94ontTk,2.5150656402111,34,406647
18Zf3qfDT7ihGxZnMJWx35bGkuBSxxMYTQ,2.5116599984467,34,406863
178WuHkRKJaYwu1tsVyBkVcyGb5skCsb8b,2.5,22,410426
1CkSM23KZ6iSKPpwduPoY57TurTWKyU8Ku,2.4585000015795,22,406764
1La8nEiQT6XmwfFQJWHXpPgBgjfkYfaMxu,2.4499999992549,60,407007
1MexNUr5vnhHDcyqTkwmNHAJKS4e7wFCwD,2.436554338783,147,407044
1GFheR5YbTRcNdn2f6j9Vr5TomEPX8YWdC,2.4269953593612,41,406939
1FWLahCwpyj5ZUAc3hQTg8z4HzdesMH47W,2.4253996387124,35,407066
1LHBS4obMPF7jSQN1j12FbfSpejcddYn7S,2.3999603390694,10,407906
1CJDfKCKohTbEKKEamTn8e7MA4uD5DfZSj,2.390000000596,38,405551
18DeFQ8fiHfPutcQsyRWAFAo5w3JoxctUE,2.359999999404,31,406307
1NQvY6ZfV7bbGhF4px7AMJvU5tdH7dXcuM,2.3500000014901,31,406854
195BdAkxDwk9aohZm5jwyrKq1vkwyoPHYq,2.3328672200441,49,406936
14L1QF4S6hQKVddYx86h8mB5wkZWbULAU4,2.3295967504382,127,407004
1FieAq8g5tN9QogpoiAgkyD3KYSwryLGVo,2.3085941597819,91,405814
127PAkD87DRwbvo6nsPkZHtD2BeWQreDkk,2.3022999987006,40,406762
1CqRLP63Hba3kSB9Exs1iUtGD5HpYJ34Ho,2.3014941103756,30,406218
135sdtCdPAnSRF32rSKDKBtb6jgFPYuCqX,2.3000000007451,30,404833
1Q35SHjeQLnLCihDhZPjSWcQWH1s2ZcYw7,2.3000000007451,29,405750
1JrEuFDdGEaoKbQBWkDeoKpHcKG4AhN2WA,2.2800000011921,49,406302
1MF4yNEJttQUg3VoL7Bu2xWfhctuxHv2qo,2.2337250001729,30,406251
