"#Wallet SheepMarketplace (0000a3a375c51032), page 1 from 537, addresses 1-100. Updated to block 724491 (2022-02-22 19:00:36 UTC). Source: WalletExplorer.com"
address,balance,incoming txs,last used in block
127SwMQuJjdkkaJrC5EcuTM59k8TcGjW2j,2.7495410181582,8,276216
12gyqkT69Chqge41qaXi5piKFEXUaXXc6G,1.9929750189185,6,475099
18TWbu5GwsBDpNiAuUPBquCDrwwGeYLFyn,1.3604703806341,13,272519
1HiW2LqUj2k3j8z7sf56EdA2NCVdEyyyq2,1.2933330014348,5,272729
15GeEDuAV9gWy2vTgy8EBWqkJ6we94BQzY,1,5,276237
1EXPYuc13fMdCm1jXazp9QNmJAZHE9uZSA,1,2,274259
12LNXamWagWmErYVfyA5TQXtYHUfQLqSLW,0.73634999990463,4,272523
1A18JzryUSb21KJmfjNSwYGrY2tsUCkU1V,0.65264067053795,3,312526
16c2fPE4KsZjqG9A6xJTMiFjCk1gicLzNx,0.56323828920722,5,272781
1CKeDDN7e73WTbfFVXkFvpQo9SFQ4h1xaE,0.50099999830127,15,317601
1HHNEnJsYnmWoq2ebn3NNe7wjr6L58BUn4,0.50000001117587,3,310357
1DQk2ATnYQKXtzoVZqnADvU8zVNZr4MtoN,0.5,7,272718
1LWktbvtmA9QTSBfk6WW3j2Luuimu9dFtX,0.42999999970198,2,280845
19uc9mEKiy5NKsnMNKz8rx15ckHViFYi9d,0.4269500002265,4,273133
1BDXMLT1UGc71yMASGAWnCD8nZU33u75gS,0.37770000100136,2,287851
1MiP74ACP9fdhDE1J19N72Ehm9VieidYBn,0.37316999956965,3,294388
14hhdRJoqtfLrP4QGYqNDDVzkDyVz3bqis,0.35957000032067,4,288381
13djGf4LXdrxn4vz3METz3STVkGiEpfMKv,0.34312000125647,6,316352
1KmeoSW4CYxx794j5VuHqDMa55Wku66XV9,0.32000000029802,4,272669
1Mnr9SgfPyqPSyvdu9QqNnwAvFhrysDvRq,0.31774995848536,3,275028
12izcHg3LiVKuXgGorjJV4skQwZkRDTQ6D,0.3070000000298,7,272640
142wqMY4Es9Dw1ogvXMaEMNDaqf98EeqJd,0.29699999839067,6,272832
1BuuDzsEM56XL7Y25XGEeyU6xhrfqDeCwr,0.28999999910593,4,272853
151cTG7aQEtmDRAgsmDEhXLCXgjuA7EdQB,0.2892500013113,5,361645
1PEHmgNSPPewdfkiMbtZmS7dw5xamQpTng,0.2846000008285,14,361645
1Kv9QZcGPHhBYepQWhHMSXtNfFoRstp2DE,0.27749999985099,3,272750
15CHF2y87CrwPHzB1xHffzBbyL3i3gPwgm,0.27458800002933,3,274494
1MnbjshkudWAusVoZD56bxK8DaiEaoomFv,0.2446199990809,8,272733
1EPSwtbaSsWuXpVW8vaHvXm5Xgh2Xf4oob,0.22275704145432,3,279117
17dkZ21UgHtHxc2ajJbdLQLWJ9yWgC1fjm,0.21000000089407,9,272669
12stde2MdW3Bw7FE9opWC49mhFA1rvwG5m,0.20899999886751,4,272979
1BijvGybHc3McdZNP7wbP76uwMwEx7USdh,0.20040000975132,4,475120
1CDoJdssRbCJRXJKC3hzeeUiNiHAbV2Fr5,0.19999999925494,6,276580
1HGNo6no6LoSUmmBiet2CyFtGFmnE6QQXX,0.19999999925494,3,298789
1AqschUyzPoEShgaoH9z4kvJT3KuTAjuLF,0.19799999892712,2,278313
1E3Adz5BJeyDnjh4Ns3h9jbTNopJgK6dPF,0.19364469870925,3,272669
14PvBsU5j4yZHR5LueEBjYsoxB2yPr2jLk,0.18809999898076,3,272482
13XWHApDPmF2CkMdDtHbqVhmrhTxTa6YNx,0.16621065139771,2,272669
1CXiyBrhiEZfYjeoS7fyjNy3dHzm3CMQpi,0.15900000184774,2,289042
1CrfxHz7AKDR7qZyYNA133mdEzjX6JJvhE,0.15100000053644,4,273230
12jSdp34zvZBjqkHbL7bWB6VqVH2VXe2NH,0.15000000968575,3,310357
16nfqgZwj1MpvfqekZ5D47TAxH3tn38PZw,0.14999999850988,4,283972
1B2UWavLLCC8PZJB185DKd22GoWHX1kmpe,0.14104700088501,4,272725
1D5WrATC8t2Tw9QxCYB5baWeeXnMprarbj,0.13023256137967,6,272748
1G1kYNUnFiUym66fWmSa63MkfE2VeBFzHg,0.12999999895692,2,281139
1Hc5a34BDp5k3rdWL3a7mGZAhtaLXD7B1a,0.125,2,272729
1JiPHuWDnjgX5y2uBBY3iNV8Z1yhqSrXLG,0.12000000104308,3,275287
1JJruoV4TXGVFmTEgeHDUVdZBbdrH4nC4t,0.11078333109617,6,273071
1M3UJhUvSjZG9rbQUmKSDyUwoLXTNgj5qH,0.10999999940395,3,273282
17sSw2FbUwbacnfwwATB1hKVMMTD2FiqgV,0.10000000149012,4,273365
1DKuTGx446i3JzgQywEUyKmfpMS5PLdtjn,0.10000000149012,4,272681
1HiFcTwRh1BSpJTtZPGxxGhbUwNgFjMhHU,0.10000000149012,4,272646
1f5Ze4rBRrJ7PegKwC7ebUTKtsYQWqmqc,0.094999998807907,11,274941
15J85YiWxSLS9UzNJvu9gkAZai9EhPEhwZ,0.089999999850988,4,280357
1FswYy82zamULdNCqfbkwmJSuwFyaUVu1g,0.086058519780636,7,272460
172opAXXJfRZV6TjNZw2kvUF64Qu12Tdrp,0.080949999392033,3,274442
17xTyuPWvxRRUvKcVcynWG3wXpYihxT838,0.078575018793344,4,459047
17cPoCxn27HLxJ4ds8osRRn8KZ1wX4nK7y,0.070252019912004,2,285032
14CbnFLmELiXfussjwe2TEVADhPNMyTGSK,0.059999998658895,6,272734
168mHmfdeH1pNdtTv2FjihDKzoUoCPWbDG,0.059187829494476,8,272653
19HJZcaZvwkgXgsb4jkyC6ZYfcZzmyjTRs,0.054579999297857,4,274968
1FwwJPaMCB6emR6mm7BqXYcDbCvqHHLHb3,0.051309999078512,2,273605
1Cbdf365kKNFSfiER6o4jBw55qZ9S8ajWH,0.051126979291439,3,273645
1La6XZDbDxpbRsKPZbyZajjCJdkJpV35sx,0.050692211836576,2,273041
1Kqn2wuhRMYNpAS3aZC14Y54PHbhayD4WW,0.049000021070242,4,460136
139WeFSBftpoAfMLfuJMoMNdFuocJg2fSN,0.042878478765488,2,272732
19KDxiWPGPeVWegpT7X7rFGS1VZsM7g1no,0.042500000447035,3,272483
14hFUoEuiov8qaZ6MAjmSJBGJsR3PAryHP,0.03999999910593,2,281180
1P1iS67teLEyTPMFgvqcJKNf9DHLn4Sahb,0.039500001817942,2,287689
17Bbb9BzdNMq4etCCMkVk8ciBzCbXn8h6y,0.038819190114737,6,306041
1HHT5c1oWG7d7DFbgbW6BpB2MGT3paJoEx,0.037213608622551,4,274030
14DEhA2hTfo8NrYA7LSYJC37YQCtxmZPiN,0.034589998424053,10,272531
1BGtBBFbp9DfzoPsj1xK4nXtMAviz9w3BT,0.034000001847744,3,272806
1CtV9eZdWKkcqnEwUFYnKk56ndaFxqKi7d,0.0320999994874,3,272413
1uvA7hzENPe6LHTNF9vhnTgG8pH4unrpA,0.030729100108147,227,283123
1Fv4ySPCiuttEpSCER9zNWVd1cLjkfjWmW,0.030094999819994,2,272670
13BWo7vKx9vEnhJfEffA5XNqu2XDJM654c,0.030000001192093,4,281182
18RiXpUVsi3ogr2uvBqZ9PLAzFnFs1WUcV,0.029899999499321,16,272477
1GYKSabiQ5TJcZpELVrCDezFMPT3688nLQ,0.027654558420181,2,272477
1Q7uK3sTBqxe8oye1Y3BwoDHSazS1cKjwF,0.023920498788357,9,293660
1MhKM7ueu8tvoiQJGKndrtpJSiCKr3puV2,0.019999999552965,5,272477
1NkZ2Y47UfLiTvNMVUNhWPQaEzHuWTmHug,0.019600000232458,4,273537
1APS7u4ZGA9yczT14idEogLy7gWCeu5yBm,0.018636781722307,4,278625
1PFRVMtaY9PgFaMZvGbMyTBBQmqZV6jMNj,0.014215998351574,2,282486
1BT2k8zsjVv7RQdwQYaNPZBDFgQDTAHyvh,0.013758581131697,3,316546
1BmxMh8EY1AH29KvsddD71j9RDB1fxa4Su,0.013378608971834,2,272813
16ZWqp9C65Q2XKVm3CyaRoVeirGJoGFmeB,0.012639191001654,4,275357
1QGerCFSLN75MZBLACWiLRSs5vFcKtDyJH,0.010999999940395,15,272994
1LHe89LrFdYZPmHcpM66JAxLar3hSMDGAj,0.010000001639128,4,273183
1FMcgLtJfyWx1nJeHFUaFAtqdjYT4b1eEU,0.010000001639128,2,272478
1DwHMmifm2DNWxZrHTbzYaTfM2kLAhcmTv,0.0099041312932968,2,272408
1Dzuy2eCyAFCPyYrrYpEEX2QeAerNEXJCg,0.0097932517528534,2,280377
1Por765bsKnoHw2hVrBFNtyq7GTqghkvj1,0.0091799981892109,25,272415
1G3cVCrx6HB8F2SQ1gHkQMwPTkFyrsBjHY,0.0090000107884407,6,475099
1JTQuisuzFQVELjYP7yohKvDcMZYCXQXiJ,0.0075610317289829,4,362085
1A51u8tsth771XVd3BbQZRYs3mvPMjhgXU,0.0067999996244907,7,272406
1G5NvDfwR55M66LqZyo1m8hrP8rnwGiXFk,0.0066523812711239,8,272565
14Sn54V3mqmzj8sJmqtNTXM2g383ruAEpx,0.0053306706249714,2,272476
14KnJzdWzSyy29Mv1D2Xe1HBnBnMpwJr3f,0.005316860973835,4,283240
17bq9BQiBAqSHnQCag5rg6Q19AwVFW3K45,0.0040000006556511,3,272388
